37001  Abusejo;"269.0";"270.0";"280.0";"131.0";"131.0";"139.0";"138.0";"139.0";"141.0";
37002  Agallas;"194.0";"184.0";"187.0";"98.0";"96.0";"98.0";"96.0";"88.0";"89.0";
37003  Ahigal de los Aceiteros;"206.0";"214.0";"216.0";"106.0";"110.0";"109.0";"100.0";"104.0";"107.0";
37004  Ahigal de Villarino;"47.0";"48.0";"49.0";"24.0";"25.0";"26.0";"23.0";"23.0";"23.0";
37005  Alameda de Gardón (La);"171.0";"179.0";"184.0";"80.0";"85.0";"87.0";"91.0";"94.0";"97.0";
37006  Alamedilla (La);"215.0";"220.0";"239.0";"111.0";"113.0";"116.0";"104.0";"107.0";"123.0";
37007  Alaraz;"668.0";"688.0";"698.0";"346.0";"355.0";"360.0";"322.0";"333.0";"338.0";
37008  Alba de Tormes;"4567.0";"4609.0";"4647.0";"2250.0";"2266.0";"2292.0";"2317.0";"2343.0";"2355.0";
37009  Alba de Yeltes;"296.0";"305.0";"308.0";"142.0";"147.0";"151.0";"154.0";"158.0";"157.0";
37010  Alberca (La);"1108.0";"1105.0";"1106.0";"575.0";"571.0";"576.0";"533.0";"534.0";"530.0";
37011  Alberguería de Argañán (La);"206.0";"207.0";"208.0";"105.0";"106.0";"107.0";"101.0";"101.0";"101.0";
37012  Alconada;"227.0";"230.0";"238.0";"111.0";"113.0";"118.0";"116.0";"117.0";"120.0";
37015  Aldea del Obispo;"410.0";"416.0";"434.0";"212.0";"216.0";"223.0";"198.0";"200.0";"211.0";
37013  Aldeacipreste;"238.0";"249.0";"276.0";"129.0";"137.0";"151.0";"109.0";"112.0";"125.0";
37014  Aldeadávila de la Ribera;"1907.0";"1697.0";"1741.0";"969.0";"864.0";"886.0";"938.0";"833.0";"855.0";
37016  Aldealengua;"565.0";"477.0";"513.0";"291.0";"240.0";"259.0";"274.0";"237.0";"254.0";
37017  Aldeanueva de Figueroa;"348.0";"353.0";"362.0";"180.0";"177.0";"178.0";"168.0";"176.0";"184.0";
37018  Aldeanueva de la Sierra;"107.0";"105.0";"103.0";"51.0";"49.0";"50.0";"56.0";"56.0";"53.0";
37019  Aldearrodrigo;"216.0";"220.0";"227.0";"108.0";"112.0";"117.0";"108.0";"108.0";"110.0";
37020  Aldearrubia;"536.0";"517.0";"526.0";"291.0";"275.0";"284.0";"245.0";"242.0";"242.0";
37021  Aldeaseca de Alba;"138.0";"141.0";"149.0";"67.0";"68.0";"73.0";"71.0";"73.0";"76.0";
37022  Aldeaseca de la Frontera;"369.0";"370.0";"373.0";"183.0";"184.0";"185.0";"186.0";"186.0";"188.0";
37023  Aldeatejada;"625.0";"583.0";"588.0";"308.0";"282.0";"289.0";"317.0";"301.0";"299.0";
37024  Aldeavieja de Tormes;"140.0";"142.0";"133.0";"70.0";"71.0";"66.0";"70.0";"71.0";"67.0";
37025  Aldehuela de la Bóveda;"387.0";"395.0";"395.0";"190.0";"194.0";"194.0";"197.0";"201.0";"201.0";
37026  Aldehuela de Yeltes;"333.0";"341.0";"355.0";"170.0";"169.0";"177.0";"163.0";"172.0";"178.0";
37027  Almenara de Tormes;"247.0";"253.0";"253.0";"124.0";"127.0";"127.0";"123.0";"126.0";"126.0";
37028  Almendra;"193.0";"204.0";"213.0";"97.0";"106.0";"108.0";"96.0";"98.0";"105.0";
37029  Anaya de Alba;"330.0";"330.0";"338.0";"182.0";"181.0";"184.0";"148.0";"149.0";"154.0";
37030  Añover de Tormes;"109.0";"119.0";"123.0";"59.0";"63.0";"65.0";"50.0";"56.0";"58.0";
37031  Arabayona de Mógica;"537.0";"546.0";"551.0";"289.0";"293.0";"296.0";"248.0";"253.0";"255.0";
37032  Arapiles;"525.0";"513.0";"520.0";"264.0";"253.0";"252.0";"261.0";"260.0";"268.0";
37033  Arcediano;"113.0";"106.0";"105.0";"57.0";"54.0";"52.0";"56.0";"52.0";"53.0";
37034  Arco (El);"103.0";"110.0";"113.0";"55.0";"57.0";"59.0";"48.0";"53.0";"54.0";
37035  Armenteros;"377.0";"344.0";"346.0";"183.0";"170.0";"171.0";"194.0";"174.0";"175.0";
37037  Atalaya (La);"156.0";"160.0";"160.0";"84.0";"85.0";"87.0";"72.0";"75.0";"73.0";
37038  Babilafuente;"1008.0";"1008.0";"1013.0";"529.0";"531.0";"546.0";"479.0";"477.0";"467.0";
37039  Bañobárez;"453.0";"464.0";"476.0";"230.0";"234.0";"246.0";"223.0";"230.0";"230.0";
37040  Barbadillo;"567.0";"580.0";"591.0";"269.0";"278.0";"286.0";"298.0";"302.0";"305.0";
37041  Barbalos;"115.0";"117.0";"123.0";"62.0";"60.0";"63.0";"53.0";"57.0";"60.0";
37042  Barceo;"73.0";"73.0";"76.0";"39.0";"39.0";"40.0";"34.0";"34.0";"36.0";
37044  Barruecopardo;"593.0";"595.0";"606.0";"300.0";"302.0";"309.0";"293.0";"293.0";"297.0";
37045  Bastida (La);"41.0";"43.0";"46.0";"22.0";"23.0";"23.0";"19.0";"20.0";"23.0";
37046  Béjar;"16025.0";"16165.0";"16662.0";"7615.0";"7672.0";"7938.0";"8410.0";"8493.0";"8724.0";
37047  Beleña;"172.0";"153.0";"153.0";"86.0";"86.0";"84.0";"86.0";"67.0";"69.0";
37049  Bermellar;"222.0";"220.0";"227.0";"108.0";"103.0";"105.0";"114.0";"117.0";"122.0";
37050  Berrocal de Huebra;"128.0";"129.0";"135.0";"62.0";"62.0";"65.0";"66.0";"67.0";"70.0";
37051  Berrocal de Salvatierra;"145.0";"147.0";"150.0";"69.0";"74.0";"74.0";"76.0";"73.0";"76.0";
37052  Boada;"447.0";"463.0";"484.0";"228.0";"236.0";"247.0";"219.0";"227.0";"237.0";
37054  Bodón (El);"337.0";"350.0";"355.0";"172.0";"183.0";"183.0";"165.0";"167.0";"172.0";
37055  Bogajo;"212.0";"217.0";"222.0";"112.0";"116.0";"116.0";"100.0";"101.0";"106.0";
37056  Bouza (La);"67.0";"66.0";"72.0";"32.0";"31.0";"36.0";"35.0";"35.0";"36.0";
37057  Bóveda del Río Almar;"315.0";"300.0";"313.0";"168.0";"160.0";"166.0";"147.0";"140.0";"147.0";
37058  Brincones;"113.0";"115.0";"124.0";"55.0";"55.0";"60.0";"58.0";"60.0";"64.0";
37059  Buenamadre;"174.0";"175.0";"187.0";"91.0";"94.0";"97.0";"83.0";"81.0";"90.0";
37060  Buenavista;"89.0";"86.0";"80.0";"48.0";"45.0";"43.0";"41.0";"41.0";"37.0";
37061  Cabaco (El);"293.0";"287.0";"314.0";"145.0";"143.0";"158.0";"148.0";"144.0";"156.0";
37063  Cabeza de Béjar (La);"113.0";"114.0";"121.0";"57.0";"58.0";"63.0";"56.0";"56.0";"58.0";
37065  Cabeza del Caballo;"490.0";"494.0";"505.0";"254.0";"254.0";"257.0";"236.0";"240.0";"248.0";
37062  Cabezabellosa de la Calzada;"143.0";"146.0";"144.0";"73.0";"76.0";"77.0";"70.0";"70.0";"67.0";
37067  Cabrerizos;"1775.0";"1546.0";"1434.0";"891.0";"775.0";"715.0";"884.0";"771.0";"719.0";
37068  Cabrillas;"550.0";"560.0";"570.0";"258.0";"265.0";"267.0";"292.0";"295.0";"303.0";
37069  Calvarrasa de Abajo;"1005.0";"1004.0";"997.0";"501.0";"497.0";"494.0";"504.0";"507.0";"503.0";
37070  Calvarrasa de Arriba;"681.0";"642.0";"661.0";"355.0";"332.0";"345.0";"326.0";"310.0";"316.0";
37071  Calzada de Béjar (La);"104.0";"104.0";"107.0";"54.0";"53.0";"56.0";"50.0";"51.0";"51.0";
37072  Calzada de Don Diego;"261.0";"263.0";"262.0";"134.0";"135.0";"134.0";"127.0";"128.0";"128.0";
37073  Calzada de Valdunciel;"652.0";"649.0";"627.0";"322.0";"321.0";"309.0";"330.0";"328.0";"318.0";
37074  Campillo de Azaba;"266.0";"268.0";"290.0";"133.0";"133.0";"145.0";"133.0";"135.0";"145.0";
37077  Campo de Peñaranda (El);"408.0";"427.0";"427.0";"208.0";"222.0";"225.0";"200.0";"205.0";"202.0";
37078  Candelario;"1121.0";"1123.0";"1157.0";"547.0";"551.0";"566.0";"574.0";"572.0";"591.0";
37079  Canillas de Abajo;"125.0";"117.0";"119.0";"71.0";"67.0";"68.0";"54.0";"50.0";"51.0";
37080  Cantagallo;"295.0";"291.0";"290.0";"142.0";"140.0";"141.0";"153.0";"151.0";"149.0";
37081  Cantalapiedra;"1355.0";"1385.0";"1413.0";"668.0";"682.0";"691.0";"687.0";"703.0";"722.0";
37082  Cantalpino;"1179.0";"1179.0";"1233.0";"637.0";"637.0";"665.0";"542.0";"542.0";"568.0";
37083  Cantaracillo;"276.0";"282.0";"301.0";"142.0";"144.0";"154.0";"134.0";"138.0";"147.0";
37085  Carbajosa de la Sagrada;"1530.0";"1292.0";"1126.0";"771.0";"646.0";"577.0";"759.0";"646.0";"549.0";
37086  Carpio de Azaba;"112.0";"114.0";"115.0";"58.0";"60.0";"58.0";"54.0";"54.0";"57.0";
37087  Carrascal de Barregas;"453.0";"417.0";"376.0";"235.0";"217.0";"191.0";"218.0";"200.0";"185.0";
37088  Carrascal del Obispo;"259.0";"258.0";"271.0";"125.0";"125.0";"134.0";"134.0";"133.0";"137.0";
37089  Casafranca;"85.0";"84.0";"89.0";"39.0";"37.0";"41.0";"46.0";"47.0";"48.0";
37090  Casas del Conde (Las);"86.0";"90.0";"92.0";"40.0";"42.0";"44.0";"46.0";"48.0";"48.0";
37091  Casillas de Flores;"275.0";"282.0";"297.0";"127.0";"129.0";"142.0";"148.0";"153.0";"155.0";
37092  Castellanos de Moriscos;"363.0";"358.0";"377.0";"173.0";"170.0";"176.0";"190.0";"188.0";"201.0";
37185  Castellanos de Villiquera;"595.0";"592.0";"565.0";"312.0";"310.0";"294.0";"283.0";"282.0";"271.0";
37096  Castillejo de Martín Viejo;"405.0";"336.0";"356.0";"211.0";"174.0";"184.0";"194.0";"162.0";"172.0";
37097  Castraz;"65.0";"70.0";"72.0";"39.0";"43.0";"46.0";"26.0";"27.0";"26.0";
37098  Cepeda;"535.0";"531.0";"554.0";"256.0";"256.0";"265.0";"279.0";"275.0";"289.0";
37099  Cereceda de la Sierra;"108.0";"105.0";"109.0";"54.0";"57.0";"59.0";"54.0";"48.0";"50.0";
37100  Cerezal de Peñahorcada;"137.0";"144.0";"148.0";"74.0";"76.0";"80.0";"63.0";"68.0";"68.0";
37101  Cerralbo;"296.0";"264.0";"269.0";"156.0";"140.0";"143.0";"140.0";"124.0";"126.0";
37102  Cerro (El);"570.0";"578.0";"594.0";"298.0";"305.0";"302.0";"272.0";"273.0";"292.0";
37103  Cespedosa de Tormes;"667.0";"668.0";"718.0";"350.0";"350.0";"377.0";"317.0";"318.0";"341.0";
37114  Chagarcía Medianero;"150.0";"158.0";"164.0";"80.0";"85.0";"85.0";"70.0";"73.0";"79.0";
37104  Cilleros de la Bastida;"45.0";"49.0";"47.0";"21.0";"24.0";"22.0";"24.0";"25.0";"25.0";
37106  Cipérez;"448.0";"469.0";"476.0";"221.0";"233.0";"238.0";"227.0";"236.0";"238.0";
37107  Ciudad Rodrigo;"14502.0";"14553.0";"14901.0";"6952.0";"6991.0";"7180.0";"7550.0";"7562.0";"7721.0";
37108  Coca de Alba;"160.0";"157.0";"168.0";"71.0";"70.0";"73.0";"89.0";"87.0";"95.0";
37109  Colmenar de Montemayor;"280.0";"296.0";"289.0";"157.0";"166.0";"166.0";"123.0";"130.0";"123.0";
37110  Cordovilla;"150.0";"144.0";"147.0";"85.0";"81.0";"80.0";"65.0";"63.0";"67.0";
37112  Cristóbal;"237.0";"247.0";"259.0";"123.0";"128.0";"134.0";"114.0";"119.0";"125.0";
37113  Cubo de Don Sancho (El);"591.0";"599.0";"620.0";"315.0";"318.0";"327.0";"276.0";"281.0";"293.0";
37115  Dios le Guarde;"168.0";"172.0";"172.0";"95.0";"97.0";"97.0";"73.0";"75.0";"75.0";
37116  Doñinos de Ledesma;"108.0";"101.0";"110.0";"57.0";"52.0";"58.0";"51.0";"49.0";"52.0";
37117  Doñinos de Salamanca;"720.0";"703.0";"684.0";"376.0";"364.0";"348.0";"344.0";"339.0";"336.0";
37118  Ejeme;"200.0";"206.0";"212.0";"109.0";"111.0";"115.0";"91.0";"95.0";"97.0";
37120  Encina de San Silvestre;"129.0";"125.0";"128.0";"65.0";"65.0";"64.0";"64.0";"60.0";"64.0";
37119  Encina (La);"214.0";"221.0";"227.0";"115.0";"119.0";"121.0";"99.0";"102.0";"106.0";
37121  Encinas de Abajo;"683.0";"688.0";"689.0";"357.0";"359.0";"351.0";"326.0";"329.0";"338.0";
37122  Encinas de Arriba;"293.0";"292.0";"299.0";"140.0";"141.0";"146.0";"153.0";"151.0";"153.0";
37123  Encinasola de los Comendadores;"301.0";"311.0";"315.0";"153.0";"160.0";"164.0";"148.0";"151.0";"151.0";
37124  Endrinal;"307.0";"309.0";"311.0";"169.0";"168.0";"172.0";"138.0";"141.0";"139.0";
37125  Escurial de la Sierra;"299.0";"308.0";"320.0";"152.0";"152.0";"157.0";"147.0";"156.0";"163.0";
37126  Espadaña;"51.0";"52.0";"58.0";"27.0";"26.0";"30.0";"24.0";"26.0";"28.0";
37127  Espeja;"289.0";"301.0";"319.0";"149.0";"154.0";"166.0";"140.0";"147.0";"153.0";
37128  Espino de la Orbada;"383.0";"371.0";"383.0";"194.0";"190.0";"196.0";"189.0";"181.0";"187.0";
37129  Florida de Liébana;"254.0";"254.0";"252.0";"137.0";"137.0";"137.0";"117.0";"117.0";"115.0";
37130  Forfoleda;"251.0";"250.0";"252.0";"124.0";"127.0";"129.0";"127.0";"123.0";"123.0";
37131  Frades de la Sierra;"285.0";"291.0";"299.0";"148.0";"150.0";"153.0";"137.0";"141.0";"146.0";
37132  Fregeneda (La);"555.0";"594.0";"601.0";"267.0";"286.0";"292.0";"288.0";"308.0";"309.0";
37133  Fresnedoso;"124.0";"126.0";"138.0";"54.0";"56.0";"64.0";"70.0";"70.0";"74.0";
37134  Fresno Alhándiga;"330.0";"346.0";"353.0";"177.0";"182.0";"192.0";"153.0";"164.0";"161.0";
37135  Fuente de San Esteban (La);"1572.0";"1544.0";"1594.0";"797.0";"783.0";"818.0";"775.0";"761.0";"776.0";
37136  Fuenteguinaldo;"964.0";"992.0";"1012.0";"488.0";"501.0";"513.0";"476.0";"491.0";"499.0";
37137  Fuenteliante;"154.0";"160.0";"165.0";"70.0";"73.0";"75.0";"84.0";"87.0";"90.0";
37138  Fuenterroble de Salvatierra;"279.0";"288.0";"283.0";"140.0";"146.0";"142.0";"139.0";"142.0";"141.0";
37139  Fuentes de Béjar;"305.0";"323.0";"349.0";"128.0";"134.0";"144.0";"177.0";"189.0";"205.0";
37140  Fuentes de Oñoro;"1453.0";"1442.0";"1520.0";"702.0";"690.0";"722.0";"751.0";"752.0";"798.0";
37141  Gajates;"265.0";"271.0";"282.0";"132.0";"135.0";"143.0";"133.0";"136.0";"139.0";
37142  Galindo y Perahuy;"345.0";"250.0";"242.0";"186.0";"134.0";"131.0";"159.0";"116.0";"111.0";
37143  Galinduste;"648.0";"568.0";"588.0";"320.0";"277.0";"287.0";"328.0";"291.0";"301.0";
37144  Galisancho;"590.0";"597.0";"624.0";"330.0";"327.0";"340.0";"260.0";"270.0";"284.0";
37145  Gallegos de Argañán;"417.0";"422.0";"431.0";"216.0";"219.0";"224.0";"201.0";"203.0";"207.0";
37146  Gallegos de Solmirón;"206.0";"202.0";"214.0";"99.0";"98.0";"104.0";"107.0";"104.0";"110.0";
37147  Garcibuey;"295.0";"298.0";"303.0";"166.0";"169.0";"169.0";"129.0";"129.0";"134.0";
37148  Garcihernández;"606.0";"598.0";"615.0";"324.0";"322.0";"329.0";"282.0";"276.0";"286.0";
37149  Garcirrey;"112.0";"113.0";"113.0";"56.0";"56.0";"56.0";"56.0";"57.0";"57.0";
37150  Gejuelo del Barro;"52.0";"51.0";"51.0";"28.0";"29.0";"29.0";"24.0";"22.0";"22.0";
37151  Golpejas;"227.0";"219.0";"219.0";"112.0";"112.0";"112.0";"115.0";"107.0";"107.0";
37152  Gomecello;"536.0";"564.0";"583.0";"275.0";"287.0";"303.0";"261.0";"277.0";"280.0";
37154  Guadramiro;"230.0";"235.0";"240.0";"134.0";"136.0";"137.0";"96.0";"99.0";"103.0";
37155  Guijo de Ávila;"116.0";"113.0";"121.0";"63.0";"62.0";"66.0";"53.0";"51.0";"55.0";
37156  Guijuelo;"5092.0";"5050.0";"5002.0";"2528.0";"2511.0";"2489.0";"2564.0";"2539.0";"2513.0";
37157  Herguijuela de Ciudad Rodrigo;"153.0";"158.0";"166.0";"80.0";"83.0";"86.0";"73.0";"75.0";"80.0";
37158  Herguijuela de la Sierra;"333.0";"326.0";"352.0";"166.0";"164.0";"175.0";"167.0";"162.0";"177.0";
37159  Herguijuela del Campo;"126.0";"126.0";"138.0";"57.0";"58.0";"68.0";"69.0";"68.0";"70.0";
37160  Hinojosa de Duero;"856.0";"870.0";"894.0";"426.0";"432.0";"440.0";"430.0";"438.0";"454.0";
37161  Horcajo de Montemayor;"210.0";"205.0";"208.0";"105.0";"103.0";"106.0";"105.0";"102.0";"102.0";
37162  Horcajo Medianero;"381.0";"383.0";"393.0";"186.0";"190.0";"200.0";"195.0";"193.0";"193.0";
37163  Hoya (La);"24.0";"25.0";"23.0";"18.0";"19.0";"17.0";"6.0";"6.0";"6.0";
37164  Huerta;"276.0";"274.0";"270.0";"145.0";"147.0";"144.0";"131.0";"127.0";"126.0";
37165  Iruelos;"67.0";"67.0";"72.0";"28.0";"27.0";"31.0";"39.0";"40.0";"41.0";
37166  Ituero de Azaba;"300.0";"300.0";"312.0";"162.0";"162.0";"168.0";"138.0";"138.0";"144.0";
37167  Juzbado;"194.0";"175.0";"181.0";"101.0";"89.0";"93.0";"93.0";"86.0";"88.0";
37168  Lagunilla;"638.0";"669.0";"684.0";"339.0";"356.0";"366.0";"299.0";"313.0";"318.0";
37169  Larrodrigo;"313.0";"325.0";"332.0";"165.0";"170.0";"176.0";"148.0";"155.0";"156.0";
37170  Ledesma;"1942.0";"1989.0";"2008.0";"945.0";"969.0";"992.0";"997.0";"1020.0";"1016.0";
37171  Ledrada;"611.0";"592.0";"608.0";"310.0";"299.0";"305.0";"301.0";"293.0";"303.0";
37172  Linares de Riofrío;"1062.0";"1038.0";"1084.0";"537.0";"526.0";"548.0";"525.0";"512.0";"536.0";
37173  Lumbrales;"2268.0";"2234.0";"2315.0";"1131.0";"1106.0";"1153.0";"1137.0";"1128.0";"1162.0";
37175  Machacón;"535.0";"544.0";"543.0";"274.0";"274.0";"273.0";"261.0";"270.0";"270.0";
37174  Macotera;"1709.0";"1745.0";"1813.0";"863.0";"882.0";"918.0";"846.0";"863.0";"895.0";
37176  Madroñal;"184.0";"176.0";"170.0";"100.0";"92.0";"88.0";"84.0";"84.0";"82.0";
37177  Maíllo (El);"453.0";"455.0";"473.0";"229.0";"229.0";"233.0";"224.0";"226.0";"240.0";
37178  Malpartida;"181.0";"168.0";"175.0";"101.0";"93.0";"97.0";"80.0";"75.0";"78.0";
37179  Mancera de Abajo;"368.0";"378.0";"395.0";"186.0";"188.0";"201.0";"182.0";"190.0";"194.0";
37180  Manzano (El);"98.0";"101.0";"108.0";"53.0";"55.0";"57.0";"45.0";"46.0";"51.0";
37181  Martiago;"382.0";"391.0";"412.0";"201.0";"204.0";"213.0";"181.0";"187.0";"199.0";
37183  Martín de Yeltes;"574.0";"579.0";"583.0";"294.0";"294.0";"299.0";"280.0";"285.0";"284.0";
37182  Martinamor;"82.0";"81.0";"87.0";"44.0";"42.0";"44.0";"38.0";"39.0";"43.0";
37184  Masueco;"538.0";"488.0";"501.0";"267.0";"244.0";"251.0";"271.0";"244.0";"250.0";
37186  Mata de Ledesma (La);"150.0";"152.0";"155.0";"74.0";"73.0";"74.0";"76.0";"79.0";"81.0";
37187  Matilla de los Caños del Río;"712.0";"672.0";"702.0";"371.0";"350.0";"365.0";"341.0";"322.0";"337.0";
37188  Maya (La);"263.0";"263.0";"272.0";"143.0";"140.0";"143.0";"120.0";"123.0";"129.0";
37189  Membribe de la Sierra;"94.0";"102.0";"102.0";"51.0";"54.0";"52.0";"43.0";"48.0";"50.0";
37190  Mieza;"363.0";"357.0";"379.0";"185.0";"175.0";"189.0";"178.0";"182.0";"190.0";
37191  Milano (El);"188.0";"199.0";"193.0";"101.0";"106.0";"99.0";"87.0";"93.0";"94.0";
37192  Miranda de Azán;"314.0";"300.0";"351.0";"147.0";"133.0";"150.0";"167.0";"167.0";"201.0";
37193  Miranda del Castañar;"740.0";"636.0";"653.0";"394.0";"331.0";"340.0";"346.0";"305.0";"313.0";
37194  Mogarraz;"365.0";"368.0";"379.0";"172.0";"173.0";"178.0";"193.0";"195.0";"201.0";
37195  Molinillo;"107.0";"72.0";"80.0";"50.0";"33.0";"37.0";"57.0";"39.0";"43.0";
37196  Monforte de la Sierra;"126.0";"126.0";"113.0";"72.0";"71.0";"63.0";"54.0";"55.0";"50.0";
37197  Monleón;"135.0";"135.0";"135.0";"78.0";"78.0";"77.0";"57.0";"57.0";"58.0";
37198  Monleras;"272.0";"273.0";"277.0";"137.0";"138.0";"140.0";"135.0";"135.0";"137.0";
37199  Monsagro;"235.0";"241.0";"250.0";"133.0";"136.0";"141.0";"102.0";"105.0";"109.0";
37200  Montejo;"251.0";"246.0";"241.0";"138.0";"132.0";"130.0";"113.0";"114.0";"111.0";
37201  Montemayor del Río;"382.0";"368.0";"378.0";"204.0";"196.0";"189.0";"178.0";"172.0";"189.0";
37202  Monterrubio de Armuña;"442.0";"386.0";"339.0";"228.0";"191.0";"167.0";"214.0";"195.0";"172.0";
37203  Monterrubio de la Sierra;"164.0";"164.0";"173.0";"88.0";"89.0";"91.0";"76.0";"75.0";"82.0";
37204  Morasverdes;"441.0";"460.0";"473.0";"220.0";"229.0";"235.0";"221.0";"231.0";"238.0";
37205  Morille;"185.0";"183.0";"202.0";"101.0";"98.0";"108.0";"84.0";"85.0";"94.0";
37206  Moríñigo;"143.0";"146.0";"147.0";"73.0";"75.0";"78.0";"70.0";"71.0";"69.0";
37207  Moriscos;"138.0";"143.0";"143.0";"68.0";"72.0";"73.0";"70.0";"71.0";"70.0";
37208  Moronta;"135.0";"138.0";"147.0";"73.0";"73.0";"75.0";"62.0";"65.0";"72.0";
37209  Mozárbez;"388.0";"394.0";"401.0";"199.0";"203.0";"207.0";"189.0";"191.0";"194.0";
37211  Narros de Matalayegua;"309.0";"308.0";"320.0";"166.0";"166.0";"174.0";"143.0";"142.0";"146.0";
37213  Nava de Béjar;"124.0";"123.0";"125.0";"64.0";"62.0";"63.0";"60.0";"61.0";"62.0";
37214  Nava de Francia;"151.0";"153.0";"167.0";"79.0";"80.0";"87.0";"72.0";"73.0";"80.0";
37215  Nava de Sotrobal;"226.0";"203.0";"212.0";"119.0";"107.0";"112.0";"107.0";"96.0";"100.0";
37212  Navacarros;"124.0";"125.0";"123.0";"67.0";"67.0";"65.0";"57.0";"58.0";"58.0";
37216  Navales;"404.0";"406.0";"416.0";"228.0";"230.0";"239.0";"176.0";"176.0";"177.0";
37217  Navalmoral de Béjar;"77.0";"77.0";"82.0";"35.0";"34.0";"38.0";"42.0";"43.0";"44.0";
37218  Navamorales;"185.0";"193.0";"192.0";"102.0";"104.0";"102.0";"83.0";"89.0";"90.0";
37219  Navarredonda de la Rinconada;"267.0";"272.0";"276.0";"129.0";"131.0";"133.0";"138.0";"141.0";"143.0";
37221  Navasfrías;"720.0";"719.0";"752.0";"355.0";"356.0";"372.0";"365.0";"363.0";"380.0";
37222  Negrilla de Palencia;"131.0";"140.0";"141.0";"61.0";"67.0";"67.0";"70.0";"73.0";"74.0";
37223  Olmedo de Camaces;"182.0";"184.0";"213.0";"88.0";"88.0";"101.0";"94.0";"96.0";"112.0";
37224  Orbada (La);"284.0";"289.0";"298.0";"150.0";"148.0";"150.0";"134.0";"141.0";"148.0";
37225  Pajares de la Laguna;"146.0";"148.0";"152.0";"73.0";"73.0";"76.0";"73.0";"75.0";"76.0";
37226  Palacios del Arzobispo;"241.0";"249.0";"247.0";"123.0";"127.0";"128.0";"118.0";"122.0";"119.0";
37228  Palaciosrubios;"562.0";"568.0";"570.0";"301.0";"302.0";"305.0";"261.0";"266.0";"265.0";
37229  Palencia de Negrilla;"203.0";"208.0";"216.0";"102.0";"103.0";"107.0";"101.0";"105.0";"109.0";
37230  Parada de Arriba;"250.0";"255.0";"248.0";"136.0";"138.0";"134.0";"114.0";"117.0";"114.0";
37231  Parada de Rubiales;"353.0";"352.0";"363.0";"185.0";"184.0";"187.0";"168.0";"168.0";"176.0";
37232  Paradinas de San Juan;"650.0";"660.0";"663.0";"347.0";"353.0";"354.0";"303.0";"307.0";"309.0";
37233  Pastores;"58.0";"64.0";"65.0";"31.0";"35.0";"35.0";"27.0";"29.0";"30.0";
37234  Payo (El);"505.0";"503.0";"532.0";"241.0";"239.0";"253.0";"264.0";"264.0";"279.0";
37235  Pedraza de Alba;"294.0";"299.0";"304.0";"154.0";"159.0";"160.0";"140.0";"140.0";"144.0";
37236  Pedrosillo de Alba;"274.0";"283.0";"291.0";"137.0";"142.0";"148.0";"137.0";"141.0";"143.0";
37237  Pedrosillo de los Aires;"446.0";"456.0";"471.0";"239.0";"245.0";"254.0";"207.0";"211.0";"217.0";
37238  Pedrosillo el Ralo;"154.0";"148.0";"146.0";"79.0";"73.0";"71.0";"75.0";"75.0";"75.0";
37239  Pedroso de la Armuña (El);"320.0";"325.0";"332.0";"157.0";"159.0";"165.0";"163.0";"166.0";"167.0";
37240  Pelabravo;"785.0";"732.0";"712.0";"405.0";"372.0";"362.0";"380.0";"360.0";"350.0";
37241  Pelarrodríguez;"203.0";"207.0";"211.0";"116.0";"119.0";"121.0";"87.0";"88.0";"90.0";
37242  Pelayos;"76.0";"81.0";"90.0";"39.0";"41.0";"45.0";"37.0";"40.0";"45.0";
37243  Peña (La);"163.0";"163.0";"167.0";"74.0";"74.0";"79.0";"89.0";"89.0";"88.0";
37244  Peñacaballera;"215.0";"226.0";"231.0";"100.0";"106.0";"112.0";"115.0";"120.0";"119.0";
37245  Peñaparda;"533.0";"499.0";"513.0";"259.0";"243.0";"250.0";"274.0";"256.0";"263.0";
37246  Peñaranda de Bracamonte;"6282.0";"6159.0";"6291.0";"3065.0";"3011.0";"3078.0";"3217.0";"3148.0";"3213.0";
37247  Peñarandilla;"282.0";"282.0";"289.0";"141.0";"142.0";"148.0";"141.0";"140.0";"141.0";
37248  Peralejos de Abajo;"200.0";"207.0";"214.0";"94.0";"99.0";"101.0";"106.0";"108.0";"113.0";
37249  Peralejos de Arriba;"73.0";"75.0";"76.0";"41.0";"41.0";"42.0";"32.0";"34.0";"34.0";
37250  Pereña de la Ribera;"571.0";"556.0";"554.0";"284.0";"282.0";"281.0";"287.0";"274.0";"273.0";
37251  Peromingo;"166.0";"165.0";"167.0";"79.0";"79.0";"80.0";"87.0";"86.0";"87.0";
37252  Pinedas;"195.0";"203.0";"213.0";"102.0";"104.0";"108.0";"93.0";"99.0";"105.0";
37253  Pino de Tormes (El);"180.0";"179.0";"181.0";"90.0";"90.0";"94.0";"90.0";"89.0";"87.0";
37254  Pitiegua;"270.0";"273.0";"271.0";"136.0";"132.0";"131.0";"134.0";"141.0";"140.0";
37255  Pizarral;"102.0";"91.0";"97.0";"52.0";"44.0";"46.0";"50.0";"47.0";"51.0";
37256  Poveda de las Cintas;"350.0";"356.0";"364.0";"191.0";"193.0";"196.0";"159.0";"163.0";"168.0";
37257  Pozos de Hinojo;"82.0";"88.0";"95.0";"44.0";"47.0";"52.0";"38.0";"41.0";"43.0";
37258  Puebla de Azaba;"290.0";"303.0";"316.0";"149.0";"156.0";"164.0";"141.0";"147.0";"152.0";
37259  Puebla de San Medel;"72.0";"75.0";"74.0";"38.0";"40.0";"39.0";"34.0";"35.0";"35.0";
37260  Puebla de Yeltes;"251.0";"261.0";"269.0";"135.0";"143.0";"143.0";"116.0";"118.0";"126.0";
37261  Puente del Congosto;"350.0";"358.0";"370.0";"174.0";"175.0";"185.0";"176.0";"183.0";"185.0";
37262  Puertas;"105.0";"106.0";"117.0";"57.0";"58.0";"62.0";"48.0";"48.0";"55.0";
37263  Puerto de Béjar;"500.0";"509.0";"516.0";"234.0";"234.0";"240.0";"266.0";"275.0";"276.0";
37264  Puerto Seguro;"115.0";"117.0";"122.0";"58.0";"59.0";"59.0";"57.0";"58.0";"63.0";
37265  Rágama;"313.0";"318.0";"326.0";"165.0";"163.0";"167.0";"148.0";"155.0";"159.0";
37266  Redonda (La);"119.0";"121.0";"123.0";"56.0";"57.0";"56.0";"63.0";"64.0";"67.0";
37267  Retortillo;"247.0";"251.0";"275.0";"115.0";"118.0";"129.0";"132.0";"133.0";"146.0";
37268  Rinconada de la Sierra (La);"168.0";"172.0";"179.0";"84.0";"86.0";"89.0";"84.0";"86.0";"90.0";
37269  Robleda;"580.0";"581.0";"602.0";"310.0";"311.0";"322.0";"270.0";"270.0";"280.0";
37270  Robliza de Cojos;"213.0";"198.0";"194.0";"111.0";"101.0";"98.0";"102.0";"97.0";"96.0";
37271  Rollán;"624.0";"604.0";"607.0";"316.0";"311.0";"313.0";"308.0";"293.0";"294.0";
37272  Saelices el Chico;"185.0";"189.0";"204.0";"99.0";"101.0";"107.0";"86.0";"88.0";"97.0";
37273  Sagrada (La);"188.0";"194.0";"207.0";"95.0";"99.0";"105.0";"93.0";"95.0";"102.0";
37303  Sahugo (El);"279.0";"289.0";"307.0";"147.0";"152.0";"159.0";"132.0";"137.0";"148.0";
37274  Salamanca (Capital);"158720.0";"158457.0";"159225.0";"74483.0";"74404.0";"74850.0";"84237.0";"84053.0";"84375.0";
37275  Saldeana;"186.0";"193.0";"197.0";"100.0";"107.0";"109.0";"86.0";"86.0";"88.0";
37276  Salmoral;"342.0";"350.0";"371.0";"168.0";"171.0";"191.0";"174.0";"179.0";"180.0";
37277  Salvatierra de Tormes;"62.0";"65.0";"64.0";"28.0";"33.0";"32.0";"34.0";"32.0";"32.0";
37278  San Cristóbal de la Cuesta;"353.0";"341.0";"337.0";"184.0";"174.0";"173.0";"169.0";"167.0";"164.0";
37284  San Esteban de la Sierra;"453.0";"463.0";"469.0";"230.0";"235.0";"238.0";"223.0";"228.0";"231.0";
37285  San Felices de los Gallegos;"642.0";"660.0";"683.0";"318.0";"330.0";"344.0";"324.0";"330.0";"339.0";
37286  San Martín del Castañar;"287.0";"284.0";"283.0";"150.0";"144.0";"142.0";"137.0";"140.0";"141.0";
37287  San Miguel de Valero;"438.0";"451.0";"447.0";"232.0";"238.0";"231.0";"206.0";"213.0";"216.0";
37036  San Miguel del Robledo;"103.0";"100.0";"101.0";"48.0";"47.0";"48.0";"55.0";"53.0";"53.0";
37288  San Morales;"222.0";"206.0";"203.0";"122.0";"110.0";"110.0";"100.0";"96.0";"93.0";
37289  San Muñoz;"368.0";"371.0";"380.0";"186.0";"185.0";"190.0";"182.0";"186.0";"190.0";
37291  San Pedro de Rozados;"354.0";"367.0";"389.0";"176.0";"183.0";"195.0";"178.0";"184.0";"194.0";
37290  San Pedro del Valle;"130.0";"131.0";"134.0";"62.0";"64.0";"66.0";"68.0";"67.0";"68.0";
37292  San Pelayo de Guareña;"105.0";"108.0";"114.0";"54.0";"55.0";"58.0";"51.0";"53.0";"56.0";
37280  Sanchón de la Ribera;"123.0";"127.0";"132.0";"66.0";"68.0";"71.0";"57.0";"59.0";"61.0";
37281  Sanchón de la Sagrada;"55.0";"56.0";"59.0";"30.0";"31.0";"33.0";"25.0";"25.0";"26.0";
37282  Sanchotello;"324.0";"324.0";"345.0";"166.0";"164.0";"174.0";"158.0";"160.0";"171.0";
37279  Sancti-Spíritus;"1184.0";"1215.0";"1243.0";"615.0";"630.0";"640.0";"569.0";"585.0";"603.0";
37283  Sando;"181.0";"201.0";"191.0";"97.0";"106.0";"103.0";"84.0";"95.0";"88.0";
37293  Santa María de Sando;"188.0";"195.0";"211.0";"98.0";"103.0";"108.0";"90.0";"92.0";"103.0";
37294  Santa Marta de Tormes;"10166.0";"9884.0";"9392.0";"5081.0";"4918.0";"4687.0";"5085.0";"4966.0";"4705.0";
37296  Santiago de la Puebla;"558.0";"586.0";"609.0";"285.0";"302.0";"317.0";"273.0";"284.0";"292.0";
37297  Santibáñez de Béjar;"683.0";"699.0";"722.0";"341.0";"346.0";"355.0";"342.0";"353.0";"367.0";
37298  Santibáñez de la Sierra;"254.0";"258.0";"264.0";"140.0";"142.0";"145.0";"114.0";"116.0";"119.0";
37299  Santiz;"280.0";"285.0";"302.0";"142.0";"145.0";"156.0";"138.0";"140.0";"146.0";
37300  Santos (Los);"739.0";"777.0";"808.0";"377.0";"401.0";"421.0";"362.0";"376.0";"387.0";
37301  Sardón de los Frailes;"105.0";"102.0";"106.0";"55.0";"55.0";"57.0";"50.0";"47.0";"49.0";
37302  Saucelle;"441.0";"483.0";"484.0";"218.0";"240.0";"242.0";"223.0";"243.0";"242.0";
37304  Sepulcro-Hilario;"301.0";"303.0";"333.0";"155.0";"156.0";"168.0";"146.0";"147.0";"165.0";
37305  Sequeros;"272.0";"270.0";"261.0";"118.0";"115.0";"114.0";"154.0";"155.0";"147.0";
37306  Serradilla del Arroyo;"440.0";"447.0";"475.0";"221.0";"225.0";"239.0";"219.0";"222.0";"236.0";
37307  Serradilla del Llano;"265.0";"277.0";"298.0";"133.0";"142.0";"153.0";"132.0";"135.0";"145.0";
37309  Sierpe (La);"53.0";"58.0";"57.0";"31.0";"32.0";"30.0";"22.0";"26.0";"27.0";
37310  Sieteiglesias de Tormes;"188.0";"178.0";"181.0";"92.0";"87.0";"92.0";"96.0";"91.0";"89.0";
37311  Sobradillo;"359.0";"374.0";"403.0";"171.0";"181.0";"197.0";"188.0";"193.0";"206.0";
37312  Sorihuela;"383.0";"391.0";"411.0";"188.0";"190.0";"205.0";"195.0";"201.0";"206.0";
37313  Sotoserrano;"739.0";"738.0";"716.0";"384.0";"388.0";"372.0";"355.0";"350.0";"344.0";
37314  Tabera de Abajo;"111.0";"115.0";"120.0";"58.0";"59.0";"61.0";"53.0";"56.0";"59.0";
37315  Tala (La);"140.0";"145.0";"151.0";"73.0";"77.0";"77.0";"67.0";"68.0";"74.0";
37316  Tamames;"1010.0";"1040.0";"1074.0";"514.0";"531.0";"550.0";"496.0";"509.0";"524.0";
37317  Tarazona de Guareña;"431.0";"437.0";"450.0";"230.0";"235.0";"236.0";"201.0";"202.0";"214.0";
37318  Tardáguila;"265.0";"267.0";"271.0";"141.0";"142.0";"145.0";"124.0";"125.0";"126.0";
37319  Tejado (El);"179.0";"178.0";"186.0";"87.0";"86.0";"92.0";"92.0";"92.0";"94.0";
37320  Tejeda y Segoyuela;"124.0";"124.0";"132.0";"63.0";"63.0";"70.0";"61.0";"61.0";"62.0";
37321  Tenebrón;"230.0";"237.0";"240.0";"117.0";"121.0";"123.0";"113.0";"116.0";"117.0";
37322  Terradillos;"3037.0";"3002.0";"2842.0";"1546.0";"1518.0";"1447.0";"1491.0";"1484.0";"1395.0";
37323  Topas;"707.0";"708.0";"722.0";"356.0";"359.0";"367.0";"351.0";"349.0";"355.0";
37324  Tordillos;"580.0";"577.0";"608.0";"298.0";"291.0";"305.0";"282.0";"286.0";"303.0";
37325  Tornadizo (El);"144.0";"145.0";"154.0";"75.0";"73.0";"79.0";"69.0";"72.0";"75.0";
37327  Torresmenudas;"242.0";"240.0";"245.0";"115.0";"117.0";"118.0";"127.0";"123.0";"127.0";
37328  Trabanca;"252.0";"256.0";"261.0";"128.0";"130.0";"133.0";"124.0";"126.0";"128.0";
37329  Tremedal de Tormes;"47.0";"49.0";"57.0";"24.0";"24.0";"28.0";"23.0";"25.0";"29.0";
37330  Valdecarros;"462.0";"466.0";"470.0";"236.0";"242.0";"247.0";"226.0";"224.0";"223.0";
37331  Valdefuentes de Sangusín;"323.0";"332.0";"344.0";"162.0";"167.0";"173.0";"161.0";"165.0";"171.0";
37332  Valdehijaderos;"119.0";"119.0";"130.0";"65.0";"65.0";"72.0";"54.0";"54.0";"58.0";
37333  Valdelacasa;"360.0";"360.0";"372.0";"194.0";"194.0";"198.0";"166.0";"166.0";"174.0";
37334  Valdelageve;"131.0";"135.0";"136.0";"71.0";"71.0";"71.0";"60.0";"64.0";"65.0";
37335  Valdelosa;"480.0";"484.0";"511.0";"227.0";"232.0";"244.0";"253.0";"252.0";"267.0";
37336  Valdemierque;"76.0";"71.0";"77.0";"38.0";"36.0";"39.0";"38.0";"35.0";"38.0";
37337  Valderrodrigo;"184.0";"196.0";"190.0";"89.0";"93.0";"89.0";"95.0";"103.0";"101.0";
37338  Valdunciel;"122.0";"127.0";"123.0";"58.0";"60.0";"58.0";"64.0";"67.0";"65.0";
37339  Valero;"453.0";"464.0";"494.0";"222.0";"229.0";"250.0";"231.0";"235.0";"244.0";
37343  Vallejera de Riofrío;"54.0";"53.0";"54.0";"26.0";"24.0";"24.0";"28.0";"29.0";"30.0";
37340  Valsalabroso;"249.0";"232.0";"235.0";"134.0";"122.0";"124.0";"115.0";"110.0";"111.0";
37341  Valverde de Valdelacasa;"79.0";"75.0";"82.0";"39.0";"38.0";"39.0";"40.0";"37.0";"43.0";
37342  Valverdón;"272.0";"273.0";"270.0";"142.0";"138.0";"135.0";"130.0";"135.0";"135.0";
37344  Vecinos;"299.0";"296.0";"307.0";"148.0";"145.0";"153.0";"151.0";"151.0";"154.0";
37345  Vega de Tirados;"226.0";"227.0";"235.0";"116.0";"117.0";"120.0";"110.0";"110.0";"115.0";
37346  Veguillas (Las);"303.0";"312.0";"314.0";"150.0";"151.0";"155.0";"153.0";"161.0";"159.0";
37347  Vellés (La);"457.0";"472.0";"511.0";"229.0";"239.0";"262.0";"228.0";"233.0";"249.0";
37348  Ventosa del Río Almar;"167.0";"170.0";"175.0";"81.0";"82.0";"84.0";"86.0";"88.0";"91.0";
37349  Vídola (La);"187.0";"191.0";"202.0";"95.0";"97.0";"100.0";"92.0";"94.0";"102.0";
37351  Villaflores;"468.0";"477.0";"483.0";"231.0";"236.0";"245.0";"237.0";"241.0";"238.0";
37352  Villagonzalo de Tormes;"240.0";"249.0";"251.0";"125.0";"132.0";"137.0";"115.0";"117.0";"114.0";
37353  Villalba de los Llanos;"194.0";"196.0";"204.0";"107.0";"108.0";"113.0";"87.0";"88.0";"91.0";
37354  Villamayor;"2765.0";"2490.0";"2337.0";"1446.0";"1297.0";"1208.0";"1319.0";"1193.0";"1129.0";
37355  Villanueva del Conde;"257.0";"263.0";"264.0";"135.0";"140.0";"139.0";"122.0";"123.0";"125.0";
37356  Villar de Argañán;"120.0";"109.0";"114.0";"60.0";"55.0";"57.0";"60.0";"54.0";"57.0";
37357  Villar de Ciervo;"409.0";"409.0";"434.0";"211.0";"211.0";"229.0";"198.0";"198.0";"205.0";
37358  Villar de Gallimazo;"215.0";"221.0";"234.0";"105.0";"107.0";"118.0";"110.0";"114.0";"116.0";
37359  Villar de la Yegua;"307.0";"319.0";"333.0";"143.0";"144.0";"152.0";"164.0";"175.0";"181.0";
37360  Villar de Peralonso;"349.0";"356.0";"366.0";"162.0";"167.0";"172.0";"187.0";"189.0";"194.0";
37361  Villar de Samaniego;"144.0";"126.0";"132.0";"78.0";"66.0";"69.0";"66.0";"60.0";"63.0";
37362  Villares de la Reina;"2722.0";"2397.0";"1920.0";"1382.0";"1195.0";"954.0";"1340.0";"1202.0";"966.0";
37363  Villares de Yeltes;"173.0";"173.0";"187.0";"79.0";"77.0";"88.0";"94.0";"96.0";"99.0";
37364  Villarino de los Aires;"1082.0";"1125.0";"1171.0";"532.0";"553.0";"576.0";"550.0";"572.0";"595.0";
37365  Villarmayor;"235.0";"243.0";"252.0";"125.0";"127.0";"128.0";"110.0";"116.0";"124.0";
37366  Villarmuerto;"62.0";"65.0";"70.0";"35.0";"37.0";"40.0";"27.0";"28.0";"30.0";
37367  Villasbuenas;"321.0";"323.0";"331.0";"164.0";"162.0";"165.0";"157.0";"161.0";"166.0";
37368  Villasdardo;"25.0";"26.0";"26.0";"11.0";"12.0";"12.0";"14.0";"14.0";"14.0";
37369  Villaseco de los Gamitos;"213.0";"208.0";"211.0";"109.0";"107.0";"107.0";"104.0";"101.0";"104.0";
37370  Villaseco de los Reyes;"460.0";"461.0";"470.0";"237.0";"238.0";"243.0";"223.0";"223.0";"227.0";
37371  Villasrubias;"375.0";"388.0";"402.0";"202.0";"209.0";"219.0";"173.0";"179.0";"183.0";
37372  Villaverde de Guareña;"200.0";"198.0";"203.0";"98.0";"98.0";"99.0";"102.0";"100.0";"104.0";
37373  Villavieja de Yeltes;"1114.0";"1132.0";"1208.0";"555.0";"563.0";"601.0";"559.0";"569.0";"607.0";
37374  Villoria;"1417.0";"1400.0";"1414.0";"709.0";"695.0";"701.0";"708.0";"705.0";"713.0";
37375  Villoruela;"1022.0";"1015.0";"1026.0";"508.0";"507.0";"511.0";"514.0";"508.0";"515.0";
37350  Vilvestre;"633.0";"626.0";"647.0";"307.0";"305.0";"320.0";"326.0";"321.0";"327.0";
37376  Vitigudino;"3132.0";"3159.0";"3183.0";"1544.0";"1554.0";"1559.0";"1588.0";"1605.0";"1624.0";
37377  Yecla de Yeltes;"363.0";"363.0";"385.0";"177.0";"178.0";"190.0";"186.0";"185.0";"195.0";
37378  Zamarra;"162.0";"161.0";"171.0";"85.0";"83.0";"88.0";"77.0";"78.0";"83.0";
37379  Zamayón;"211.0";"205.0";"212.0";"120.0";"117.0";"121.0";"91.0";"88.0";"91.0";
37380  Zarapicos;"67.0";"66.0";"70.0";"37.0";"37.0";"39.0";"30.0";"29.0";"31.0";
37381  Zarza de Pumareda (La);"199.0";"201.0";"219.0";"111.0";"114.0";"123.0";"88.0";"87.0";"96.0";
37382  Zorita de la Frontera;"283.0";"293.0";"303.0";"156.0";"161.0";"166.0";"127.0";"132.0";"137.0";